Workbook

Sheet Data
A1: Week_Start | B1: Category | C1: Units_Sold | D1: Unit_Price_EUR | E1: Revenue_EUR | F1: Stock_Start | G1: Stock_End | H1: Supplier_Delay_Days | I1: Demand_Spike | J1: Out_of_Stock | K1: Notes | L1: Year | M1: Period
A2: 43472 | B2: Adult Productive Cough Syrup | C2: 29 | D2: 6.62 | E2: 191.98 | F2: 38 | G2: 14 | H2: 1 | I2: No | J2: No | L2: =YEAR(A2) -> 2019 | M2: =IF(L2=2019,"Pre-COVID","COVID Period") -> Pre-COVID
A3: 43472 | B3: Adult Dry Cough Syrup | C3: 21 | D3: 7.13 | E3: 149.73 | F3: 22 | G3: 3 | H3: 0.3 | I3: No | J3: No | L3: =YEAR(A3) -> 2019 | M3: =IF(L3=2019,"Pre-COVID","COVID Period") -> Pre-COVID
A4: 43472 | B4: Children's Productive Cough Syrup | C4: 9 | D4: 5.95 | E4: 53.55 | F4: 13 | G4: 5 | H4: 1.5 | I4: No | J4: No | L4: =YEAR(A4) -> 2019 | M4: =IF(L4=2019,"Pre-COVID","COVID Period") -> Pre-COVID
A5: 43472 | B5: Children's Dry Cough Syrup | C5: 15 | D5: 6.41 | E5: 96.15 | F5: 19 | G5: 4 | H5: 1.7 | I5: No | J5: No | L5: =YEAR(A5) -> 2019 | M5: =IF(L5=2019,"Pre-COVID","COVID Period") -> Pre-COVID
A6: 43472 | B6: Cough Lozenges | C6: 25 | D6: 3.29 | E6: 82.25 | F6: 35 | G6: 13 | H6: 0.8 | I6: No | J6: No | L6: =YEAR(A6) -> 2019 | M6: =IF(L6=2019,"Pre-COVID","COVID Period") -> Pre-COVID
A7: 43472 | B7: Antibiotic Prescriptions | C7: 13 | D7: 8.2 | E7: 106.6 | F7: 14 | G7: 3 | H7: 0.6 | I7: No | J7: No | L7: =YEAR(A7) -> 2019 | M7: =IF(L7=2019,"Pre-COVID","COVID Period") -> Pre-COVID
A8: 43472 | B8: Vitamins & Supplements | C8: 28 | D8: 11.96 | E8: 334.88 | F8: 38 | G8: 11 | H8: 0.4 | I8: No | J8: No | L8: =YEAR(A8) -> 2019 | M8: =IF(L8=2019,"Pre-COVID","COVID Period") -> Pre-COVID
A9: 43472 | B9: Simple Masks | C9: 9 | D9: 0.68 | E9: 6.12 | F9: 13 | G9: 6 | H9: 0.7 | I9: No | J9: No | L9: =YEAR(A9) -> 2019 | M9: =IF(L9=2019,"Pre-COVID","COVID Period") -> Pre-COVID
A10: 43472 | B10: KN95/FFP2 Masks | C10: 8 | D10: 1.36 | E10: 10.88 | F10: 12 | G10: 4 | H10: 0.5 | I10: No | J10: No | L10: =YEAR(A10) -> 2019 | M10: =IF(L10=2019,"Pre-COVID","COVID Period") -> Pre-COVID
A11: 43472 | B11: Antiseptic / Alcohol | C11: 6 | D11: 4.05 | E11: 24.3 | F11: 7 | G11: 2 | H11: 0.4 | I11: No | J11: No | L11: =YEAR(A11) -> 2019 | M11: =IF(L11=2019,"Pre-COVID","COVID Period") -> Pre-COVID
A12: 43472 | B12: Hand Gloves | C12: 4 | D12: 5.52 | E12: 22.08 | F12: 6 | G12: 3 | H12: 0.7 | I12: No | J12: No | L12: =YEAR(A12) -> 2019 | M12: =IF(L12=2019,"Pre-COVID","COVID Period") -> Pre-COVID
A13: 43472 | B13: COVID Self Tests | C13: 0 | D13: 5.03 | E13: 0 | F13: 3 | G13: 3 | H13: 0.7 | I13: No | J13: No | L13: =YEAR(A13) -> 2019 | M13: =IF(L13=2019,"Pre-COVID","COVID Period") -> Pre-COVID
... A38: 43486 | B38: Hand Gloves | C38: 4 | D38: 5.67 | E38: 22.68 | F38: 5 | G38: 1 | H38: 0.9 | I38: No | J38: No | L38: =YEAR(A38) -> 2019 | M38: =IF(L38=2019,"Pre-COVID","COVID Period") -> Pre-COVID
A39: 43486 | B39: COVID Self Tests | C39: 1 | D39: 4.86 | E39: 4.86 | F39: 3 | G39: 2 | H39: 0.8 | I39: Yes | J39: No | K39: COVID-related demand spike | L39: =YEAR(A39) -> 2019 | M39: =IF(L39=2019,"Pre-COVID","COVID Period") -> Pre-COVID
A40: 43486 | B40: Pharmacy COVID Test Service | C40: 1 | D40: 14.69 | E40: 14.69 | F40: 3 | G40: 3 | H40: 0.2 | I40: Yes | J40: No | L40: =YEAR(A40) -> 2019 | M40: =IF(L40=2019,"Pre-COVID","COVID Period") -> Pre-COVID
A41: 43493 | B41: Adult Productive Cough Syrup | C41: 17 | D41: 7.08 | E41: 120.36 | F41: 20 | G41: 5 | H41: 0.4 | I41: No | J41: No | L41: =YEAR(A41) -> 2019 | M41: =IF(L41=2019,"Pre-COVID","COVID Period") -> Pre-COVID
A42: 43493 | B42: Adult Dry Cough Syrup | C42: 22 | D42: 6.98 | E42: 153.56 | F42: 35 | G42: 18 | H42: 0.6 | I42: No | J42: No | L42: =YEAR(A42) -> 2019 | M42: =IF(L42=2019,"Pre-COVID","COVID Period") -> Pre-COVID
A43: 43493 | B43: Children's Productive Cough Syrup | C43: 12 | D43: 6.11 | E43: 73.32 | F43: 15 | G43: 5 | H43: 0.8 | I43: No | J43: No | L43: =YEAR(A43) -> 2019 | M43: =IF(L43=2019,"Pre-COVID","COVID Period") -> Pre-COVID
A44: 43493 | B44: Children's Dry Cough Syrup | C44: 13 | D44: 6.34 | E44: 82.42 | F44: 16 | G44: 4 | H44: 1.1 | I44: No | J44: No | L44: =YEAR(A44) -> 2019 | M44: =IF(L44=2019,"Pre-COVID","COVID Period") -> Pre-COVID
A45: 43493 | B45: Cough Lozenges | C45: 26 | D45: 3.21 | E45: 83.46 | F45: 37 | G45: 12 | H45: 1 | I45: No | J45: No | L45: =YEAR(A45) -> 2019 | M45: =IF(L45=2019,"Pre-COVID","COVID Period") -> Pre-COVID
A46: 43493 | B46: Antibiotic Prescriptions | C46: 15 | D46: 8.79 | E46: 131.85 | F46: 18 | G46: 5 | H46: 0.3 | I46: No | J46: No | L46: =YEAR(A46) -> 2019 | M46: =IF(L46=2019,"Pre-COVID","COVID Period") -> Pre-COVID
A47: 43493 | B47: Vitamins & Supplements | C47: 28 | D47: 11.74 | E47: 328.72 | F47: 38 | G47: 13 | H47: 1.5 | I47: No | J47: No | L47: =YEAR(A47) -> 2019 | M47: =IF(L47=2019,"Pre-COVID","COVID Period") -> Pre-COVID
A48: 43493 | B48: Simple Masks | C48: 10 | D48: 0.63 | E48: 6.3 | F48: 16 | G48: 8 | H48: 0.7 | I48: No | J48: No | L48: =YEAR(A48) -> 2019 | M48: =IF(L48=2019,"Pre-COVID","COVID Period") -> Pre-COVID
A49: 43493 | B49: KN95/FFP2 Masks | C49: 8 | D49: 1.32 | E49: 10.56 | F49: 12 | G49: 5 | H49: 1.4 | I49: No | J49: No | L49: =YEAR(A49) -> 2019 | M49: =IF(L49=2019,"Pre-COVID","COVID Period") -> Pre-COVID
A50: 43493 | B50: Antiseptic / Alcohol | C50: 9 | D50: 4.06 | E50: 36.54 | F50: 13 | G50: 5 | H50: 1.7 | I50: No | J50: No | L50: =YEAR(A50) -> 2019 | M50: =IF(L50=2019,"Pre-COVID","COVID Period") -> Pre-COVID
A51: 43493 | B51: Hand Gloves | C51: 5 | D51: 5.33 | E51: 26.65 | F51: 6 | G51: 1 | H51: 0.7 | I51: No | J51: No | L51: =YEAR(A51) -> 2019 | M51: =IF(L51=2019,"Pre-COVID","COVID Period") -> Pre-COVID
... A103: 43521 | B103: Hand Gloves | C103: 2 | D103: 5.7 | E103: 11.4 | F103: 3 | G103: 1 | H103: 2 | I103: No | J103: No | L103: =YEAR(A103) -> 2019 | M103: =IF(L103=2019,"Pre-COVID","COVID Period") -> Pre-COVID
A104: 43521 | B104: COVID Self Tests | C104: 1 | D104: 4.66 | E104: 4.66 | F104: 3 | G104: 2 | H104: 0.6 | I104: Yes | J104: No | K104: COVID-related demand spike | L104: =YEAR(A104) -> 2019 | M104: =IF(L104=2019,"Pre-COVID","COVID Period") -> Pre-COVID
A105: 43521 | B105: Pharmacy COVID Test Service | C105: 0 | D105: 15.16 | E105: 0 | F105: 3 | G105: 3 | H105: 0.7 | I105: No | J105: No | L105: =YEAR(A105) -> 2019 | M105: =IF(L105=2019,"Pre-COVID","COVID Period") -> Pre-COVID
A106: 43528 | B106: Adult Productive Cough Syrup | C106: 29 | D106: 7.09 | E106: 205.61 | F106: 42 | G106: 17 | H106: 0.8 | I106: No | J106: No | L106: =YEAR(A106) -> 2019 | M106: =IF(L106=2019,"Pre-COVID","COVID Period") -> Pre-COVID
A107: 43528 | B107: Adult Dry Cough Syrup | C107: 18 | D107: 7.11 | E107: 127.98 | F107: 29 | G107: 12 | H107: 1 | I107: No | J107: No | L107: =YEAR(A107) -> 2019 | M107: =IF(L107=2019,"Pre-COVID","COVID Period") -> Pre-COVID
A108: 43528 | B108: Children's Productive Cough Syrup | C108: 11 | D108: 5.71 | E108: 62.81 | F108: 13 | G108: 3 | H108: 0.4 | I108: No | J108: No | L108: =YEAR(A108) -> 2019 | M108: =IF(L108=2019,"Pre-COVID","COVID Period") -> Pre-COVID
A109: 43528 | B109: Children's Dry Cough Syrup | C109: 14 | D109: 6.41 | E109: 89.74 | F109: 17 | G109: 5 | H109: 0.9 | I109: No | J109: No | L109: =YEAR(A109) -> 2019 | M109: =IF(L109=2019,"Pre-COVID","COVID Period") -> Pre-COVID
A110: 43528 | B110: Cough Lozenges | C110: 25 | D110: 3.2 | E110: 80 | F110: 26 | G110: 1 | H110: 0.8 | I110: No | J110: No | L110: =YEAR(A110) -> 2019 | M110: =IF(L110=2019,"Pre-COVID","COVID Period") -> Pre-COVID
A111: 43528 | B111: Antibiotic Prescriptions | C111: 18 | D111: 8.9 | E111: 160.2 | F111: 26 | G111: 9 | H111: 0.1 | I111: No | J111: No | L111: =YEAR(A111) -> 2019 | M111: =IF(L111=2019,"Pre-COVID","COVID Period") -> Pre-COVID
A112: 43528 | B112: Vitamins & Supplements | C112: 19 | D112: 11.33 | E112: 215.27 | F112: 24 | G112: 8 | H112: 0.4 | I112: No | J112: No | L112: =YEAR(A112) -> 2019 | M112: =IF(L112=2019,"Pre-COVID","COVID Period") -> Pre-COVID
A113: 43528 | B113: Simple Masks | C113: 10 | D113: 0.68 | E113: 6.8 | F113: 16 | G113: 7 | H113: 0.4 | I113: No | J113: No | L113: =YEAR(A113) -> 2019 | M113: =IF(L113=2019,"Pre-COVID","COVID Period") -> Pre-COVID
A114: 43528 | B114: KN95/FFP2 Masks | C114: 7 | D114: 1.33 | E114: 9.31 | F114: 9 | G114: 2 | H114: 1.3 | I114: No | J114: No | L114: =YEAR(A114) -> 2019 | M114: =IF(L114=2019,"Pre-COVID","COVID Period") -> Pre-COVID
A115: 43528 | B115: Antiseptic / Alcohol | C115: 8 | D115: 4.18 | E115: 33.44 | F115: 10 | G115: 4 | H115: 0.2 | I115: No | J115: No | L115: =YEAR(A115) -> 2019 | M115: =IF(L115=2019,"Pre-COVID","COVID Period") -> Pre-COVID
A116: 43528 | B116: Hand Gloves | C116: 6 | D116: 5.34 | E116: 32.04 | F116: 8 | G116: 2 | H116: 0.7 | I116: No | J116: No | L116: =YEAR(A116) -> 2019 | M116: =IF(L116=2019,"Pre-COVID","COVID Period") -> Pre-COVID
A117: 43528 | B117: COVID Self Tests | C117: 1 | D117: 4.78 | E117: 4.78 | F117: 3 | G117: 2 | H117: 1.7 | I117: Yes | J117: No | K117: COVID-related demand spike | L117: =YEAR(A117) -> 2019 | M117: =IF(L117=2019,"Pre-COVID","COVID Period") -> Pre-COVID
A118: 43528 | B118: Pharmacy COVID Test Service | C118: 0 | D118: 15.39 | E118: 0 | F118: 3 | G118: 3 | H118: 0 | I118: No | J118: No | L118: =YEAR(A118) -> 2019 | M118: =IF(L118=2019,"Pre-COVID","COVID Period") -> Pre-COVID
A119: 43535 | B119: Adult Productive Cough Syrup | C119: 24 | D119: 7.03 | E119: 168.72 | F119: 26 | G119: 6 | H119: 1.1 | I119: No | J119: No | L119: =YEAR(A119) -> 2019 | M119: =IF(L119=2019,"Pre-COVID","COVID Period") -> Pre-COVID
A120: 43535 | B120: Adult Dry Cough Syrup | C120: 20 | D120: 7.29 | E120: 145.8 | F120: 30 | G120: 14 | H120: 0.8 | I120: No | J120: No | L120: =YEAR(A120) -> 2019 | M120: =IF(L120=2019,"Pre-COVID","COVID Period") -> Pre-COVID
A121: 43535 | B121: Children's Productive Cough Syrup | C121: 10 | D121: 6.05 | E121: 60.5 | F121: 12 | G121: 2 | H121: 1.4 | I121: No | J121: Yes | L121: =YEAR(A121) -> 2019 | M121: =IF(L121=2019,"Pre-COVID","COVID Period") -> Pre-COVID
A122: 43535 | B122: Children's Dry Cough Syrup | C122: 11 | D122: 6.08 | E122: 66.88 | F122: 17 | G122: 8 | H122: 1.6 | I122: No | J122: No | L122: =YEAR(A122) -> 2019 | M122: =IF(L122=2019,"Pre-COVID","COVID Period") -> Pre-COVID
A123: 43535 | B123: Cough Lozenges | C123: 37 | D123: 3.35 | E123: 123.95 | F123: 56 | G123: 19 | H123: 0.7 | I123: No | J123: No | L123: =YEAR(A123) -> 2019 | M123: =IF(L123=2019,"Pre-COVID","COVID Period") -> Pre-COVID
A124: 43535 | B124: Antibiotic Prescriptions | C124: 16 | D124: 8.41 | E124: 134.56 | F124: 22 | G124: 10 | H124: 1 | I124: No | J124: No | L124: =YEAR(A124) -> 2019 | M124: =IF(L124=2019,"Pre-COVID","COVID Period") -> Pre-COVID
A125: 43535 | B125: Vitamins & Supplements | C125: 29 | D125: 11.64 | E125: 337.56 | F125: 39 | G125: 10 | H125: 0.5 | I125: No | J125: No | L125: =YEAR(A125) -> 2019 | M125: =IF(L125=2019,"Pre-COVID","COVID Period") -> Pre-COVID
A126: 43535 | B126: Simple Masks | C126: 12 | D126: 0.65 | E126: 7.8 | F126: 20 | G126: 11 | H126: 0.7 | I126: No | J126: No | L126: =YEAR(A126) -> 2019 | M126: =IF(L126=2019,"Pre-COVID","COVID Period") -> Pre-COVID
A127: 43535 | B127: KN95/FFP2 Masks | C127: 6 | D127: 1.32 | E127: 7.92 | F127: 7 | G127: 2 | H127: 1.1 | I127: No | J127: No | L127: =YEAR(A127) -> 2019 | M127: =IF(L127=2019,"Pre-COVID","COVID Period") -> Pre-COVID
A128: 43535 | B128: Antiseptic / Alcohol | C128: 7 | D128: 4.04 | E128: 28.28 | F128: 9 | G128: 3 | H128: 1.2 | I128: No | J128: No | L128: =YEAR(A128) -> 2019 | M128: =IF(L128=2019,"Pre-COVID","COVID Period") -> Pre-COVID
A129: 43535 | B129: Hand Gloves | C129: 5 | D129: 5.6 | E129: 28 | F129: 6 | G129: 2 | H129: 0.3 | I129: No | J129: No | L129: =YEAR(A129) -> 2019 | M129: =IF(L129=2019,"Pre-COVID","COVID Period") -> Pre-COVID
... A142: 43542 | B142: Hand Gloves | C142: 5 | D142: 5.68 | E142: 28.4 | F142: 8 | G142: 4 | H142: 1 | I142: No | J142: No | L142: =YEAR(A142) -> 2019 | M142: =IF(L142=2019,"Pre-COVID","COVID Period") -> Pre-COVID
A143: 43542 | B143: COVID Self Tests | C143: 1 | D143: 4.68 | E143: 4.68 | F143: 3 | G143: 2 | H143: 0.4 | I143: Yes | J143: No | K143: COVID-related demand spike | L143: =YEAR(A143) -> 2019 | M143: =IF(L143=2019,"Pre-COVID","COVID Period") -> Pre-COVID
A144: 43542 | B144: Pharmacy COVID Test Service | C144: 2 | D144: 14.77 | E144: 29.54 | F144: 3 | G144: 1 | H144: 1.3 | I144: Yes | J144: No | L144: =YEAR(A144) -> 2019 | M144: =IF(L144=2019,"Pre-COVID","COVID Period") -> Pre-COVID
A145: 43549 | B145: Adult Productive Cough Syrup | C145: 18 | D145: 7.1 | E145: 127.8 | F145: 22 | G145: 4 | H145: 0.2 | I145: No | J145: No | L145: =YEAR(A145) -> 2019 | M145: =IF(L145=2019,"Pre-COVID","COVID Period") -> Pre-COVID
A146: 43549 | B146: Adult Dry Cough Syrup | C146: 21 | D146: 6.89 | E146: 144.69 | F146: 25 | G146: 6 | H146: 0.4 | I146: No | J146: No | L146: =YEAR(A146) -> 2019 | M146: =IF(L146=2019,"Pre-COVID","COVID Period") -> Pre-COVID
A147: 43549 | B147: Children's Productive Cough Syrup | C147: 21 | D147: 6.11 | E147: 128.31 | F147: 29 | G147: 10 | H147: 1.1 | I147: Yes | J147: No | L147: =YEAR(A147) -> 2019 | M147: =IF(L147=2019,"Pre-COVID","COVID Period") -> Pre-COVID
A148: 43549 | B148: Children's Dry Cough Syrup | C148: 16 | D148: 6.14 | E148: 98.24 | F148: 24 | G148: 9 | H148: 0.9 | I148: No | J148: No | L148: =YEAR(A148) -> 2019 | M148: =IF(L148=2019,"Pre-COVID","COVID Period") -> Pre-COVID
A149: 43549 | B149: Cough Lozenges | C149: 30 | D149: 3.36 | E149: 100.8 | F149: 41 | G149: 13 | H149: 1.6 | I149: No | J149: No | L149: =YEAR(A149) -> 2019 | M149: =IF(L149=2019,"Pre-COVID","COVID Period") -> Pre-COVID
A150: 43549 | B150: Antibiotic Prescriptions | C150: 13 | D150: 8.18 | E150: 106.34 | F150: 15 | G150: 2 | H150: 0 | I150: No | J150: No | L150: =YEAR(A150) -> 2019 | M150: =IF(L150=2019,"Pre-COVID","COVID Period") -> Pre-COVID
A151: 43549 | B151: Vitamins & Supplements | C151: 28 | D151: 11.89 | E151: 332.92 | F151: 29 | G151: 1 | H151: 0.4 | I151: No | J151: No | L151: =YEAR(A151) -> 2019 | M151: =IF(L151=2019,"Pre-COVID","COVID Period") -> Pre-COVID
A152: 43549 | B152: Simple Masks | C152: 8 | D152: 0.63 | E152: 5.04 | F152: 10 | G152: 3 | H152: 0.5 | I152: No | J152: No | L152: =YEAR(A152) -> 2019 | M152: =IF(L152=2019,"Pre-COVID","COVID Period") -> Pre-COVID
A153: 43549 | B153: KN95/FFP2 Masks | C153: 7 | D153: 1.33 | E153: 9.31 | F153: 11 | G153: 5 | H153: 0.6 | I153: No | J153: No | L153: =YEAR(A153) -> 2019 | M153: =IF(L153=2019,"Pre-COVID","COVID Period") -> Pre-COVID
A154: 43549 | B154: Antiseptic / Alcohol | C154: 8 | D154: 4.11 | E154: 32.88 | F154: 10 | G154: 2 | H154: 0.2 | I154: No | J154: Yes | L154: =YEAR(A154) -> 2019 | M154: =IF(L154=2019,"Pre-COVID","COVID Period") -> Pre-COVID
A155: 43549 | B155: Hand Gloves | C155: 6 | D155: 5.45 | E155: 32.7 | F155: 9 | G155: 4 | H155: 0.4 | I155: No | J155: No | L155: =YEAR(A155) -> 2019 | M155: =IF(L155=2019,"Pre-COVID","COVID Period") -> Pre-COVID
... A194: 43570 | B194: Hand Gloves | C194: 5 | D194: 5.38 | E194: 26.9 | F194: 7 | G194: 3 | H194: 1.3 | I194: No | J194: No | L194: =YEAR(A194) -> 2019 | M194: =IF(L194=2019,"Pre-COVID","COVID Period") -> Pre-COVID
A195: 43570 | B195: COVID Self Tests | C195: 1 | D195: 4.92 | E195: 4.92 | F195: 3 | G195: 2 | H195: 1.1 | I195: Yes | J195: No | K195: COVID-related demand spike | L195: =YEAR(A195) -> 2019 | M195: =IF(L195=2019,"Pre-COVID","COVID Period") -> Pre-COVID
A196: 43570 | B196: Pharmacy COVID Test Service | C196: 0 | D196: 14.47 | E196: 0 | F196: 3 | G196: 3 | H196: 1.6 | I196: No | J196: No | L196: =YEAR(A196) -> 2019 | M196: =IF(L196=2019,"Pre-COVID","COVID Period") -> Pre-COVID
A197: 43577 | B197: Adult Productive Cough Syrup | C197: 15 | D197: 6.76 | E197: 101.4 | F197: 21 | G197: 7 | H197: 1.8 | I197: No | J197: No | L197: =YEAR(A197) -> 2019 | M197: =IF(L197=2019,"Pre-COVID","COVID Period") -> Pre-COVID
A198: 43577 | B198: Adult Dry Cough Syrup | C198: 15 | D198: 7.14 | E198: 107.1 | F198: 21 | G198: 8 | H198: 0.2 | I198: No | J198: No | L198: =YEAR(A198) -> 2019 | M198: =IF(L198=2019,"Pre-COVID","COVID Period") -> Pre-COVID
A199: 43577 | B199: Children's Productive Cough Syrup | C199: 9 | D199: 6.03 | E199: 54.27 | F199: 10 | G199: 1 | H199: 0.7 | I199: No | J199: No | L199: =YEAR(A199) -> 2019 | M199: =IF(L199=2019,"Pre-COVID","COVID Period") -> Pre-COVID
A200: 43577 | B200: Children's Dry Cough Syrup | C200: 11 | D200: 6.17 | E200: 67.87 | F200: 16 | G200: 6 | H200: 1 | I200: No | J200: No | L200: =YEAR(A200) -> 2019 | M200: =IF(L200=2019,"Pre-COVID","COVID Period") -> Pre-COVID
A201: 43577 | B201: Cough Lozenges | C201: 26 | D201: 3.29 | E201: 85.54 | F201: 35 | G201: 11 | H201: 0.2 | I201: No | J201: No | L201: =YEAR(A201) -> 2019 | M201: =IF(L201=2019,"Pre-COVID","COVID Period") -> Pre-COVID
A202: 43577 | B202: Antibiotic Prescriptions | C202: 13 | D202: 8.3 | E202: 107.9 | F202: 14 | G202: 3 | H202: 0 | I202: No | J202: No | L202: =YEAR(A202) -> 2019 | M202: =IF(L202=2019,"Pre-COVID","COVID Period") -> Pre-COVID
A203: 43577 | B203: Vitamins & Supplements | C203: 14 | D203: 11.51 | E203: 161.14 | F203: 18 | G203: 6 | H203: 0.8 | I203: No | J203: No | L203: =YEAR(A203) -> 2019 | M203: =IF(L203=2019,"Pre-COVID","COVID Period") -> Pre-COVID
A204: 43577 | B204: Simple Masks | C204: 8 | D204: 0.66 | E204: 5.28 | F204: 13 | G204: 5 | H204: 1.3 | I204: No | J204: No | L204: =YEAR(A204) -> 2019 | M204: =IF(L204=2019,"Pre-COVID","COVID Period") -> Pre-COVID
A205: 43577 | B205: KN95/FFP2 Masks | C205: 7 | D205: 1.36 | E205: 9.52 | F205: 9 | G205: 2 | H205: 0.9 | I205: No | J205: No | L205: =YEAR(A205) -> 2019 | M205: =IF(L205=2019,"Pre-COVID","COVID Period") -> Pre-COVID
A206: 43577 | B206: Antiseptic / Alcohol | C206: 6 | D206: 4.1 | E206: 24.6 | F206: 9 | G206: 3 | H206: 1 | I206: No | J206: No | L206: =YEAR(A206) -> 2019 | M206: =IF(L206=2019,"Pre-COVID","COVID Period") -> Pre-COVID
A207: 43577 | B207: Hand Gloves | C207: 5 | D207: 5.5 | E207: 27.5 | F207: 6 | G207: 2 | H207: 1.6 | I207: No | J207: No | L207: =YEAR(A207) -> 2019 | M207: =IF(L207=2019,"Pre-COVID","COVID Period") -> Pre-COVID
... A246: 43598 | B246: Hand Gloves | C246: 1 | D246: 5.39 | E246: 5.39 | F246: 3 | G246: 2 | H246: 1.2 | I246: No | J246: Yes | L246: =YEAR(A246) -> 2019 | M246: =IF(L246=2019,"Pre-COVID","COVID Period") -> Pre-COVID
A247: 43598 | B247: COVID Self Tests | C247: 1 | D247: 4.95 | E247: 4.95 | F247: 3 | G247: 2 | H247: 1.1 | I247: Yes | J247: No | K247: COVID-related demand spike | L247: =YEAR(A247) -> 2019 | M247: =IF(L247=2019,"Pre-COVID","COVID Period") -> Pre-COVID
A248: 43598 | B248: Pharmacy COVID Test Service | C248: 1 | D248: 15.48 | E248: 15.48 | F248: 3 | G248: 2 | H248: 0.5 | I248: Yes | J248: No | L248: =YEAR(A248) -> 2019 | M248: =IF(L248=2019,"Pre-COVID","COVID Period") -> Pre-COVID
A249: 43605 | B249: Adult Productive Cough Syrup | C249: 20 | D249: 7.08 | E249: 141.6 | F249: 21 | G249: 4 | H249: 0.3 | I249: No | J249: No | L249: =YEAR(A249) -> 2019 | M249: =IF(L249=2019,"Pre-COVID","COVID Period") -> Pre-COVID
A250: 43605 | B250: Adult Dry Cough Syrup | C250: 12 | D250: 6.91 | E250: 82.92 | F250: 15 | G250: 5 | H250: 0.2 | I250: No | J250: No | L250: =YEAR(A250) -> 2019 | M250: =IF(L250=2019,"Pre-COVID","COVID Period") -> Pre-COVID
A251: 43605 | B251: Children's Productive Cough Syrup | C251: 6 | D251: 5.85 | E251: 35.1 | F251: 8 | G251: 3 | H251: 1.4 | I251: No | J251: No | L251: =YEAR(A251) -> 2019 | M251: =IF(L251=2019,"Pre-COVID","COVID Period") -> Pre-COVID
A252: 43605 | B252: Children's Dry Cough Syrup | C252: 11 | D252: 6.03 | E252: 66.33 | F252: 12 | G252: 1 | H252: 1.7 | I252: No | J252: No | L252: =YEAR(A252) -> 2019 | M252: =IF(L252=2019,"Pre-COVID","COVID Period") -> Pre-COVID
A253: 43605 | B253: Cough Lozenges | C253: 24 | D253: 3.27 | E253: 78.48 | F253: 35 | G253: 15 | H253: 0.8 | I253: No | J253: No | L253: =YEAR(A253) -> 2019 | M253: =IF(L253=2019,"Pre-COVID","COVID Period") -> Pre-COVID
A254: 43605 | B254: Antibiotic Prescriptions | C254: 15 | D254: 8.71 | E254: 130.65 | F254: 17 | G254: 3 | H254: 0.9 | I254: No | J254: No | L254: =YEAR(A254) -> 2019 | M254: =IF(L254=2019,"Pre-COVID","COVID Period") -> Pre-COVID
A255: 43605 | B255: Vitamins & Supplements | C255: 20 | D255: 11.91 | E255: 238.2 | F255: 29 | G255: 10 | H255: 0.9 | I255: No | J255: No | L255: =YEAR(A255) -> 2019 | M255: =IF(L255=2019,"Pre-COVID","COVID Period") -> Pre-COVID
A256: 43605 | B256: Simple Masks | C256: 10 | D256: 0.67 | E256: 6.7 | F256: 11 | G256: 1 | H256: 1.4 | I256: No | J256: No | L256: =YEAR(A256) -> 2019 | M256: =IF(L256=2019,"Pre-COVID","COVID Period") -> Pre-COVID
A257: 43605 | B257: KN95/FFP2 Masks | C257: 7 | D257: 1.37 | E257: 9.59 | F257: 9 | G257: 2 | H257: 0.6 | I257: No | J257: No | L257: =YEAR(A257) -> 2019 | M257: =IF(L257=2019,"Pre-COVID","COVID Period") -> Pre-COVID
A258: 43605 | B258: Antiseptic / Alcohol | C258: 11 | D258: 4.24 | E258: 46.64 | F258: 14 | G258: 5 | H258: 0.4 | I258: No | J258: No | L258: =YEAR(A258) -> 2019 | M258: =IF(L258=2019,"Pre-COVID","COVID Period") -> Pre-COVID
A259: 43605 | B259: Hand Gloves | C259: 5 | D259: 5.71 | E259: 28.55 | F259: 6 | G259: 2 | H259: 1.3 | I259: No | J259: No | L259: =YEAR(A259) -> 2019 | M259: =IF(L259=2019,"Pre-COVID","COVID Period") -> Pre-COVID
... A324: 43640 | B324: Hand Gloves | C324: 5 | D324: 5.41 | E324: 27.05 | F324: 7 | G324: 3 | H324: 0 | I324: No | J324: No | L324: =YEAR(A324) -> 2019 | M324: =IF(L324=2019,"Pre-COVID","COVID Period") -> Pre-COVID
A325: 43640 | B325: COVID Self Tests | C325: 1 | D325: 4.84 | E325: 4.84 | F325: 3 | G325: 2 | H325: 0.8 | I325: Yes | J325: Yes | K325: COVID-related demand spike | L325: =YEAR(A325) -> 2019 | M325: =IF(L325=2019,"Pre-COVID","COVID Period") -> Pre-COVID
A326: 43640 | B326: Pharmacy COVID Test Service | C326: 0 | D326: 14.46 | E326: 0 | F326: 3 | G326: 3 | H326: 0.2 | I326: No | J326: No | L326: =YEAR(A326) -> 2019 | M326: =IF(L326=2019,"Pre-COVID","COVID Period") -> Pre-COVID
A327: 43647 | B327: Adult Productive Cough Syrup | C327: 19 | D327: 6.63 | E327: 125.97 | F327: 29 | G327: 11 | H327: 1.4 | I327: No | J327: No | L327: =YEAR(A327) -> 2019 | M327: =IF(L327=2019,"Pre-COVID","COVID Period") -> Pre-COVID
...

Sheet Dashboard
A1: Pharmacy COVID-19 Operations Dashboard
A2: Synthetic portfolio project | Weekly data 2019–2022 | Selected OTC, prescription-support and COVID-related pharmacy categories
A4: Total Revenue | C4: Units Sold | E4: Out-of-Stock | G4: Avg Supplier Delay | I4: Demand Spikes | K4: Categories | M4: Period
A5: 230248.17 | C5: 42397 | E5: 74 | G5: 1.8239275 | I5: 781 | K5: 13 | M5: 2019–2022
A7: 2019–2022 data | C7: 2019–2022 data | E7: 2019–2022 data | G7: 2019–2022 data | I7: 2019–2022 data | K7: 2019–2022 data | M7: Weekly records
A9: Demand & Revenue Trend | I9: Operational Pressure
A27: Executive Insights & Recommended Actions
A28: Demand Spike Protective products and testing-related services increased strongly after early 2020. Track these separately from normal seasonal demand. | E28: Stock Pressure Out-of-stock incidents became visible in fast-moving COVID-related products. Minimum stock thresholds would help reduce risk. | I28: Supplier Delay Supplier delays increased during high-demand periods. Backup suppliers and proactive follow-up would improve readiness. | L28: Portfolio Value This project connects pharmacy operations experience with Excel, Power BI storytelling, KPI design and business recommendations.
A36: Disclaimer: Synthetic and anonymized portfolio dataset. Figures do not represent real pharmacy financial or patient data.

Sheet Yearly Summary
A1: Year | B1: Revenue | C1: Units Sold | D1: Out-of-Stock Incidents | E1: Demand Spike Records | F1: Avg Supplier Delay | G1: Revenue Share
A2: 2019 | B2: =SUMIFS(Data!$E$2:$E$2705,Data!$L$2:$L$2705,A2) -> 46281.22 | C2: =SUMIFS(Data!$C$2:$C$2705,Data!$L$2:$L$2705,A2) -> 7593 | D2: =COUNTIFS(Data!$L$2:$L$2705,A2,Data!$J$2:$J$2705,"Yes") -> 17 | E2: =COUNTIFS(Data!$L$2:$L$2705,A2,Data!$I$2:$I$2705,"Yes") -> 29 | F2: =SUMIFS(Data!$H$2:$H$2705,Data!$L$2:$L$2705,A2)/COUNTIFS(Data!$L$2:$L$2705,A2) -> 0.79497041 | G2: =B2/SUM($B$2:$B$5) -> 0.20100581
A3: 2020 | B3: =SUMIFS(Data!$E$2:$E$2705,Data!$L$2:$L$2705,A3) -> 64996.06 | C3: =SUMIFS(Data!$C$2:$C$2705,Data!$L$2:$L$2705,A3) -> 12715 | D3: =COUNTIFS(Data!$L$2:$L$2705,A3,Data!$J$2:$J$2705,"Yes") -> 13 | E3: =COUNTIFS(Data!$L$2:$L$2705,A3,Data!$I$2:$I$2705,"Yes") -> 244 | F3: =SUMIFS(Data!$H$2:$H$2705,Data!$L$2:$L$2705,A3)/COUNTIFS(Data!$L$2:$L$2705,A3) -> 2.2072485 | G3: =B3/SUM($B$2:$B$5) -> 0.28228698
A4: 2021 | B4: =SUMIFS(Data!$E$2:$E$2705,Data!$L$2:$L$2705,A4) -> 65753.72 | C4: =SUMIFS(Data!$C$2:$C$2705,Data!$L$2:$L$2705,A4) -> 12479 | D4: =COUNTIFS(Data!$L$2:$L$2705,A4,Data!$J$2:$J$2705,"Yes") -> 16 | E4: =COUNTIFS(Data!$L$2:$L$2705,A4,Data!$I$2:$I$2705,"Yes") -> 341 | F4: =SUMIFS(Data!$H$2:$H$2705,Data!$L$2:$L$2705,A4)/COUNTIFS(Data!$L$2:$L$2705,A4) -> 2.3 | G4: =B4/SUM($B$2:$B$5) -> 0.2855776
A5: 2022 | B5: =SUMIFS(Data!$E$2:$E$2705,Data!$L$2:$L$2705,A5) -> 53217.17 | C5: =SUMIFS(Data!$C$2:$C$2705,Data!$L$2:$L$2705,A5) -> 9610 | D5: =COUNTIFS(Data!$L$2:$L$2705,A5,Data!$J$2:$J$2705,"Yes") -> 28 | E5: =COUNTIFS(Data!$L$2:$L$2705,A5,Data!$I$2:$I$2705,"Yes") -> 167 | F5: =SUMIFS(Data!$H$2:$H$2705,Data!$L$2:$L$2705,A5)/COUNTIFS(Data!$L$2:$L$2705,A5) -> 1.9934911 | G5: =B5/SUM($B$2:$B$5) -> 0.23112961
A6: Total / Avg | B6: =SUM(B2:B5) -> 230248.17 | C6: =SUM(C2:C5) -> 42397 | D6: =SUM(D2:D5) -> 74 | E6: =SUM(E2:E5) -> 781 | F6: =AVERAGE(F2:F5) -> 1.8239275 | G6: =SUM(G2:G5) -> 1

Sheet Category Summary
A1: Category | B1: Revenue | C1: Units Sold | D1: Out-of-Stock Incidents | E1: Demand Spike Records | F1: Avg Supplier Delay | G1: 2019 Units | H1: Avg 2020-2022 Units | I1: Demand Growth %
A2: Vitamins & Supplements | B2: =SUMIFS(Data!$E$2:$E$2705,Data!$B$2:$B$2705,A2) -> 60378.6 | C2: =SUMIFS(Data!$C$2:$C$2705,Data!$B$2:$B$2705,A2) -> 5216 | D2: =COUNTIFS(Data!$B$2:$B$2705,A2,Data!$J$2:$J$2705,"Yes") -> 1 | E2: =COUNTIFS(Data!$B$2:$B$2705,A2,Data!$I$2:$I$2705,"Yes") -> 39 | F2: =SUMIFS(Data!$H$2:$H$2705,Data!$B$2:$B$2705,A2)/COUNTIFS(Data!$B$2:$B$2705,A2) -> 1.3774038 | G2: =SUMIFS(Data!$C$2:$C$2705,Data!$B$2:$B$2705,A2,Data!$L$2:$L$2705,2019) -> 1065 | H2: =(SUMIFS(Data!$C$2:$C$2705,Data!$B$2:$B$2705,A2,Data!$L$2:$L$2705,2020)+SUMIFS(Data!$C$2:$C$2705,Data!$B$2:$B$2705,A2,Data!$L$2:$L$2705,2021)+SUMIFS(Data!$C$2:$C$2705,Data!$B$2:$B$2705,A2,Data!$L$2:$L$2705,2022))/3 -> 1383.6667 | I2: =IF(G2=0,"",(H2/G2)-1) -> 0.29921753
A3: Adult Productive Cough Syrup | B3: =SUMIFS(Data!$E$2:$E$2705,Data!$B$2:$B$2705,A3) -> 28996.92 | C3: =SUMIFS(Data!$C$2:$C$2705,Data!$B$2:$B$2705,A3) -> 4234 | D3: =COUNTIFS(Data!$B$2:$B$2705,A3,Data!$J$2:$J$2705,"Yes") -> 0 | E3: =COUNTIFS(Data!$B$2:$B$2705,A3,Data!$I$2:$I$2705,"Yes") -> 7 | F3: =SUMIFS(Data!$H$2:$H$2705,Data!$B$2:$B$2705,A3)/COUNTIFS(Data!$B$2:$B$2705,A3) -> 1.4028846 | G3: =SUMIFS(Data!$C$2:$C$2705,Data!$B$2:$B$2705,A3,Data!$L$2:$L$2705,2019) -> 984 | H3: =(SUMIFS(Data!$C$2:$C$2705,Data!$B$2:$B$2705,A3,Data!$L$2:$L$2705,2020)+SUMIFS(Data!$C$2:$C$2705,Data!$B$2:$B$2705,A3,Data!$L$2:$L$2705,2021)+SUMIFS(Data!$C$2:$C$2705,Data!$B$2:$B$2705,A3,Data!$L$2:$L$2705,2022))/3 -> 1083.3333 | I3: =IF(G3=0,"",(H3/G3)-1) -> 0.10094851
A4: Adult Dry Cough Syrup | B4: =SUMIFS(Data!$E$2:$E$2705,Data!$B$2:$B$2705,A4) -> 25622.29 | C4: =SUMIFS(Data!$C$2:$C$2705,Data!$B$2:$B$2705,A4) -> 3592 | D4: =COUNTIFS(Data!$B$2:$B$2705,A4,Data!$J$2:$J$2705,"Yes") -> 2 | E4: =COUNTIFS(Data!$B$2:$B$2705,A4,Data!$I$2:$I$2705,"Yes") -> 3 | F4: =SUMIFS(Data!$H$2:$H$2705,Data!$B$2:$B$2705,A4)/COUNTIFS(Data!$B$2:$B$2705,A4) -> 1.2831731 | G4: =SUMIFS(Data!$C$2:$C$2705,Data!$B$2:$B$2705,A4,Data!$L$2:$L$2705,2019) -> 813 | H4: =(SUMIFS(Data!$C$2:$C$2705,Data!$B$2:$B$2705,A4,Data!$L$2:$L$2705,2020)+SUMIFS(Data!$C$2:$C$2705,Data!$B$2:$B$2705,A4,Data!$L$2:$L$2705,2021)+SUMIFS(Data!$C$2:$C$2705,Data!$B$2:$B$2705,A4,Data!$L$2:$L$2705,2022))/3 -> 926.33333 | I4: =IF(G4=0,"",(H4/G4)-1) -> 0.13940139
A5: Antibiotic Prescriptions | B5: =SUMIFS(Data!$E$2:$E$2705,Data!$B$2:$B$2705,A5) -> 25361.02 | C5: =SUMIFS(Data!$C$2:$C$2705,Data!$B$2:$B$2705,A5) -> 2972 | D5: =COUNTIFS(Data!$B$2:$B$2705,A5,Data!$J$2:$J$2705,"Yes") -> 2 | E5: =COUNTIFS(Data!$B$2:$B$2705,A5,Data!$I$2:$I$2705,"Yes") -> 2 | F5: =SUMIFS(Data!$H$2:$H$2705,Data!$B$2:$B$2705,A5)/COUNTIFS(Data!$B$2:$B$2705,A5) -> 1.3701923 | G5: =SUMIFS(Data!$C$2:$C$2705,Data!$B$2:$B$2705,A5,Data!$L$2:$L$2705,2019) -> 705 | H5: =(SUMIFS(Data!$C$2:$C$2705,Data!$B$2:$B$2705,A5,Data!$L$2:$L$2705,2020)+SUMIFS(Data!$C$2:$C$2705,Data!$B$2:$B$2705,A5,Data!$L$2:$L$2705,2021)+SUMIFS(Data!$C$2:$C$2705,Data!$B$2:$B$2705,A5,Data!$L$2:$L$2705,2022))/3 -> 755.66667 | I5: =IF(G5=0,"",(H5/G5)-1) -> 0.071867612
A6: Cough Lozenges | B6: =SUMIFS(Data!$E$2:$E$2705,Data!$B$2:$B$2705,A6) -> 18894.55 | C6: =SUMIFS(Data!$C$2:$C$2705,Data!$B$2:$B$2705,A6) -> 5865 | D6: =COUNTIFS(Data!$B$2:$B$2705,A6,Data!$J$2:$J$2705,"Yes") -> 0 | E6: =COUNTIFS(Data!$B$2:$B$2705,A6,Data!$I$2:$I$2705,"Yes") -> 1 | F6: =SUMIFS(Data!$H$2:$H$2705,Data!$B$2:$B$2705,A6)/COUNTIFS(Data!$B$2:$B$2705,A6) -> 1.3995192 | G6: =SUMIFS(Data!$C$2:$C$2705,Data!$B$2:$B$2705,A6,Data!$L$2:$L$2705,2019) -> 1357 | H6: =(SUMIFS(Data!$C$2:$C$2705,Data!$B$2:$B$2705,A6,Data!$L$2:$L$2705,2020)+SUMIFS(Data!$C$2:$C$2705,Data!$B$2:$B$2705,A6,Data!$L$2:$L$2705,2021)+SUMIFS(Data!$C$2:$C$2705,Data!$B$2:$B$2705,A6,Data!$L$2:$L$2705,2022))/3 -> 1502.6667 | I6: =IF(G6=0,"",(H6/G6)-1) -> 0.10734463
A7: Antiseptic / Alcohol | B7: =SUMIFS(Data!$E$2:$E$2705,Data!$B$2:$B$2705,A7) -> 18482 | C7: =SUMIFS(Data!$C$2:$C$2705,Data!$B$2:$B$2705,A7) -> 4383 | D7: =COUNTIFS(Data!$B$2:$B$2705,A7,Data!$J$2:$J$2705,"Yes") -> 6 | E7: =COUNTIFS(Data!$B$2:$B$2705,A7,Data!$I$2:$I$2705,"Yes") -> 122 | F7: =SUMIFS(Data!$H$2:$H$2705,Data!$B$2:$B$2705,A7)/COUNTIFS(Data!$B$2:$B$2705,A7) -> 2.5370192 | G7: =SUMIFS(Data!$C$2:$C$2705,Data!$B$2:$B$2705,A7,Data!$L$2:$L$2705,2019) -> 417 | H7: =(SUMIFS(Data!$C$2:$C$2705,Data!$B$2:$B$2705,A7,Data!$L$2:$L$2705,2020)+SUMIFS(Data!$C$2:$C$2705,Data!$B$2:$B$2705,A7,Data!$L$2:$L$2705,2021)+SUMIFS(Data!$C$2:$C$2705,Data!$B$2:$B$2705,A7,Data!$L$2:$L$2705,2022))/3 -> 1322 | I7: =IF(G7=0,"",(H7/G7)-1) -> 2.1702638
A8: Children's Dry Cough Syrup | B8: =SUMIFS(Data!$E$2:$E$2705,Data!$B$2:$B$2705,A8) -> 14820.34 | C8: =SUMIFS(Data!$C$2:$C$2705,Data!$B$2:$B$2705,A8) -> 2376 | D8: =COUNTIFS(Data!$B$2:$B$2705,A8,Data!$J$2:$J$2705,"Yes") -> 2 | E8: =COUNTIFS(Data!$B$2:$B$2705,A8,Data!$I$2:$I$2705,"Yes") -> 1 | F8: =SUMIFS(Data!$H$2:$H$2705,Data!$B$2:$B$2705,A8)/COUNTIFS(Data!$B$2:$B$2705,A8) -> 1.3456731 | G8: =SUMIFS(Data!$C$2:$C$2705,Data!$B$2:$B$2705,A8,Data!$L$2:$L$2705,2019) -> 543 | H8: =(SUMIFS(Data!$C$2:$C$2705,Data!$B$2:$B$2705,A8,Data!$L$2:$L$2705,2020)+SUMIFS(Data!$C$2:$C$2705,Data!$B$2:$B$2705,A8,Data!$L$2:$L$2705,2021)+SUMIFS(Data!$C$2:$C$2705,Data!$B$2:$B$2705,A8,Data!$L$2:$L$2705,2022))/3 -> 611 | I8: =IF(G8=0,"",(H8/G8)-1) -> 0.1252302
A9: Children's Productive Cough Syrup | B9: =SUMIFS(Data!$E$2:$E$2705,Data!$B$2:$B$2705,A9) -> 14108.31 | C9: =SUMIFS(Data!$C$2:$C$2705,Data!$B$2:$B$2705,A9) -> 2377 | D9: =COUNTIFS(Data!$B$2:$B$2705,A9,Data!$J$2:$J$2705,"Yes") -> 2 | E9: =COUNTIFS(Data!$B$2:$B$2705,A9,Data!$I$2:$I$2705,"Yes") -> 2 | F9: =SUMIFS(Data!$H$2:$H$2705,Data!$B$2:$B$2705,A9)/COUNTIFS(Data!$B$2:$B$2705,A9) -> 1.4629808 | G9: =SUMIFS(Data!$C$2:$C$2705,Data!$B$2:$B$2705,A9,Data!$L$2:$L$2705,2019) -> 556 | H9: =(SUMIFS(Data!$C$2:$C$2705,Data!$B$2:$B$2705,A9,Data!$L$2:$L$2705,2020)+SUMIFS(Data!$C$2:$C$2705,Data!$B$2:$B$2705,A9,Data!$L$2:$L$2705,2021)+SUMIFS(Data!$C$2:$C$2705,Data!$B$2:$B$2705,A9,Data!$L$2:$L$2705,2022))/3 -> 607 | I9: =IF(G9=0,"",(H9/G9)-1) -> 0.091726619
A10: Hand Gloves | B10: =SUMIFS(Data!$E$2:$E$2705,Data!$B$2:$B$2705,A10) -> 13925.12 | C10: =SUMIFS(Data!$C$2:$C$2705,Data!$B$2:$B$2705,A10) -> 2519 | D10: =COUNTIFS(Data!$B$2:$B$2705,A10,Data!$J$2:$J$2705,"Yes") -> 17 | E10: =COUNTIFS(Data!$B$2:$B$2705,A10,Data!$I$2:$I$2705,"Yes") -> 122 | F10: =SUMIFS(Data!$H$2:$H$2705,Data!$B$2:$B$2705,A10)/COUNTIFS(Data!$B$2:$B$2705,A10) -> 2.4086538 | G10: =SUMIFS(Data!$C$2:$C$2705,Data!$B$2:$B$2705,A10,Data!$L$2:$L$2705,2019) -> 257 | H10: =(SUMIFS(Data!$C$2:$C$2705,Data!$B$2:$B$2705,A10,Data!$L$2:$L$2705,2020)+SUMIFS(Data!$C$2:$C$2705,Data!$B$2:$B$2705,A10,Data!$L$2:$L$2705,2021)+SUMIFS(Data!$C$2:$C$2705,Data!$B$2:$B$2705,A10,Data!$L$2:$L$2705,2022))/3 -> 754 | I10: =IF(G10=0,"",(H10/G10)-1) -> 1.9338521
A11: KN95/FFP2 Masks | B11: =SUMIFS(Data!$E$2:$E$2705,Data!$B$2:$B$2705,A11) -> 4657.76 | C11: =SUMIFS(Data!$C$2:$C$2705,Data!$B$2:$B$2705,A11) -> 3434 | D11: =COUNTIFS(Data!$B$2:$B$2705,A11,Data!$J$2:$J$2705,"Yes") -> 8 | E11: =COUNTIFS(Data!$B$2:$B$2705,A11,Data!$I$2:$I$2705,"Yes") -> 122 | F11: =SUMIFS(Data!$H$2:$H$2705,Data!$B$2:$B$2705,A11)/COUNTIFS(Data!$B$2:$B$2705,A11) -> 2.6644231 | G11: =SUMIFS(Data!$C$2:$C$2705,Data!$B$2:$B$2705,A11,Data!$L$2:$L$2705,2019) -> 354 | H11: =(SUMIFS(Data!$C$2:$C$2705,Data!$B$2:$B$2705,A11,Data!$L$2:$L$2705,2020)+SUMIFS(Data!$C$2:$C$2705,Data!$B$2:$B$2705,A11,Data!$L$2:$L$2705,2021)+SUMIFS(Data!$C$2:$C$2705,Data!$B$2:$B$2705,A11,Data!$L$2:$L$2705,2022))/3 -> 1026.6667 | I11: =IF(G11=0,"",(H11/G11)-1) -> 1.9001883
A12: Simple Masks | B12: =SUMIFS(Data!$E$2:$E$2705,Data!$B$2:$B$2705,A12) -> 3442.3 | C12: =SUMIFS(Data!$C$2:$C$2705,Data!$B$2:$B$2705,A12) -> 5277 | D12: =COUNTIFS(Data!$B$2:$B$2705,A12,Data!$J$2:$J$2705,"Yes") -> 4 | E12: =COUNTIFS(Data!$B$2:$B$2705,A12,Data!$I$2:$I$2705,"Yes") -> 122 | F12: =SUMIFS(Data!$H$2:$H$2705,Data!$B$2:$B$2705,A12)/COUNTIFS(Data!$B$2:$B$2705,A12) -> 2.4802885 | G12: =SUMIFS(Data!$C$2:$C$2705,Data!$B$2:$B$2705,A12,Data!$L$2:$L$2705,2019) -> 513 | H12: =(SUMIFS(Data!$C$2:$C$2705,Data!$B$2:$B$2705,A12,Data!$L$2:$L$2705,2020)+SUMIFS(Data!$C$2:$C$2705,Data!$B$2:$B$2705,A12,Data!$L$2:$L$2705,2021)+SUMIFS(Data!$C$2:$C$2705,Data!$B$2:$B$2705,A12,Data!$L$2:$L$2705,2022))/3 -> 1588 | I12: =IF(G12=0,"",(H12/G12)-1) -> 2.0955166
A13: Pharmacy COVID Test Service | B13: =SUMIFS(Data!$E$2:$E$2705,Data!$B$2:$B$2705,A13) -> 1215.61 | C13: =SUMIFS(Data!$C$2:$C$2705,Data!$B$2:$B$2705,A13) -> 81 | D13: =COUNTIFS(Data!$B$2:$B$2705,A13,Data!$J$2:$J$2705,"Yes") -> 6 | E13: =COUNTIFS(Data!$B$2:$B$2705,A13,Data!$I$2:$I$2705,"Yes") -> 125 | F13: =SUMIFS(Data!$H$2:$H$2705,Data!$B$2:$B$2705,A13)/COUNTIFS(Data!$B$2:$B$2705,A13) -> 2.0163462 | G13: =SUMIFS(Data!$C$2:$C$2705,Data!$B$2:$B$2705,A13,Data!$L$2:$L$2705,2019) -> 16 | H13: =(SUMIFS(Data!$C$2:$C$2705,Data!$B$2:$B$2705,A13,Data!$L$2:$L$2705,2020)+SUMIFS(Data!$C$2:$C$2705,Data!$B$2:$B$2705,A13,Data!$L$2:$L$2705,2021)+SUMIFS(Data!$C$2:$C$2705,Data!$B$2:$B$2705,A13,Data!$L$2:$L$2705,2022))/3 -> 21.666667 | I13: =IF(G13=0,"",(H13/G13)-1) -> 0.35416667
A14: COVID Self Tests | B14: =SUMIFS(Data!$E$2:$E$2705,Data!$B$2:$B$2705,A14) -> 343.35 | C14: =SUMIFS(Data!$C$2:$C$2705,Data!$B$2:$B$2705,A14) -> 71 | D14: =COUNTIFS(Data!$B$2:$B$2705,A14,Data!$J$2:$J$2705,"Yes") -> 24 | E14: =COUNTIFS(Data!$B$2:$B$2705,A14,Data!$I$2:$I$2705,"Yes") -> 113 | F14: =SUMIFS(Data!$H$2:$H$2705,Data!$B$2:$B$2705,A14)/COUNTIFS(Data!$B$2:$B$2705,A14) -> 1.9625 | G14: =SUMIFS(Data!$C$2:$C$2705,Data!$B$2:$B$2705,A14,Data!$L$2:$L$2705,2019) -> 13 | H14: =(SUMIFS(Data!$C$2:$C$2705,Data!$B$2:$B$2705,A14,Data!$L$2:$L$2705,2020)+SUMIFS(Data!$C$2:$C$2705,Data!$B$2:$B$2705,A14,Data!$L$2:$L$2705,2021)+SUMIFS(Data!$C$2:$C$2705,Data!$B$2:$B$2705,A14,Data!$L$2:$L$2705,2022))/3 -> 19.333333 | I14: =IF(G14=0,"",(H14/G14)-1) -> 0.48717949

Sheet Insights
A1: Insight Type | B1: Finding | C1: Operational meaning
A2: Demand spike | B2: Protective products and testing-related categories increased after early 2020. | C2: The pharmacy needed closer monitoring of fast-moving health-crisis items.
A3: Revenue mix | B3: Vitamins & supplements remained a strong revenue category across the period. | C3: Prevention and immune-support products became commercially important.
A4: Stock pressure | B4: Out-of-stock incidents were visible in COVID-related and protective categories. | C4: Minimum stock thresholds could reduce lost sales and customer frustration.
A5: Supplier reliability | B5: Average supplier delays increased during the main COVID period. | C5: Supplier follow-up and backup sourcing would support service readiness.
A6: Planning | B6: COVID demand should be separated from normal seasonal pharmacy demand. | C6: This avoids overestimating future baseline demand after crisis periods.
